ORD1,Product_1,100,1,2024-12-14 09:33:05
ORD2,Product_1,110,2,2024-12-14 09:38:05
ORD3,Product_2,120,3,2024-12-14 09:43:05
ORD4,Product_2,130,4,2024-12-14 09:48:05
ORD5,Product_2,140,5,2024-12-14 09:53:05
ORD6,Product_1,150,1,2024-12-14 09:58:05
ORD7,Product_1,160,2,2024-12-14 10:03:05
ORD8,Product_1,170,3,2024-12-14 10:08:05
ORD9,Product_1,180,4,2024-12-14 10:13:05
ORD10,Product_11,190,5,2024-12-14 10:18:05
ORD11,Product_11,200,1,2024-12-14 10:23:05
ORD12,Product_11,210,2,2024-12-14 10:28:05
ORD13,Product_13,220,3,2024-12-14 10:33:05
ORD14,Product_13,230,4,2024-12-14 10:38:05
ORD15,Product_13,240,5,2024-12-14 10:43:05
ORD16,Product_14,250,1,2024-12-14 10:48:05
ORD17,Product_14,260,2,2024-12-14 10:53:05
ORD18,Product_14,270,3,2024-12-14 10:58:05
ORD19,Product_14,280,4,2024-12-14 11:03:05
ORD20,Product_15,290,5,2024-12-14 11:08:05
